{"ToyEnv1": [[35.700501538957326, 35.9303842398356], [35.58327930107358, 35.622848854045266], [35.440172834885814, 36.05826770442674]], "FrozenLake": [[3.6094315679438935, 3.4465708151023042, 3.4465708151023042, 3.266099236705103], [2.123112573522872, 2.1150085433666534, 1.9521477905250644, 3.095134453707295], [3.069542779529762, 2.936994341322791, 2.928890311166572, 2.791621232502516], [1.8114953221618748, 1.8114953221618748, 1.6789468839549038, 2.6509687641393267], [4.179341815514004, 3.036355152331773, 2.8558835739345714, 2.466444904761663], [0.0, 0.0, 0.0, 0.0], [3.528615754751679, 2.5565938745672563, 3.528615754751679, 0.9720218801844229], [0.0, 0.0, 0.0, 0.0], [3.036355152331773, 4.085689897638494, 3.696251228465585, 5.409148139217926], [4.936436610336392, 7.493030484903648, 5.780133574151307, 4.269490785319597], [8.07345434073871, 6.956059351734014, 5.700661353852558, 3.49018797589085], [0.0, 0.0, 0.0, 0.0], [0.0, 0.0, 0.0, 0.0], [5.596332686470204, 7.806806064431912, 10.179599051318064, 6.956059351734014], [10.36339993899917, 14.473472731098518, 13.806526906081722, 12.446800240817911], [19.99999999999982, 19.99999999999982, 19.99999999999982, 19.99999999999982]]}