{"ToyEnv1_0.99": [[35.700501538957326, 35.9303842398356], [35.58327930107358, 35.622848854045266], [35.440172834885814, 36.05826770442674]], "FrozenLake_0.95": [[3.6094315679438935, 3.4465708151023042, 3.4465708151023042, 3.266099236705103], [2.123112573522872, 2.1150085433666534, 1.9521477905250644, 3.095134453707295], [3.069542779529762, 2.936994341322791, 2.928890311166572, 2.791621232502516], [1.8114953221618748, 1.8114953221618748, 1.6789468839549038, 2.6509687641393267], [4.179341815514004, 3.036355152331773, 2.8558835739345714, 2.466444904761663], [0.0, 0.0, 0.0, 0.0], [3.528615754751679, 2.5565938745672563, 3.528615754751679, 0.9720218801844229], [0.0, 0.0, 0.0, 0.0], [3.036355152331773, 4.085689897638494, 3.696251228465585, 5.409148139217926], [4.936436610336392, 7.493030484903648, 5.780133574151307, 4.269490785319597], [8.07345434073871, 6.956059351734014, 5.700661353852558, 3.49018797589085], [0.0, 0.0, 0.0, 0.0], [0.0, 0.0, 0.0, 0.0], [5.596332686470204, 7.806806064431912, 10.179599051318064, 6.956059351734014], [10.36339993899917, 14.473472731098518, 13.806526906081722, 12.446800240817911], [19.99999999999982, 19.99999999999982, 19.99999999999982, 19.99999999999982]], "CliffWalk_0.99": [[62.297646878934124, 62.2947994232415, 62.27496166340078, 62.27496166340078], [62.321189028719665, 62.318529048117576, 62.27543434576695, 62.2981195613003], [62.345129945510216, 62.34282490452964, 62.298754638706754, 62.32182410612613], [62.369316163218905, 62.36735399415066, 62.322466610275676, 62.34577244965976], [62.393749240802066, 62.39211543454312, 62.346421396084885, 62.36996510964404], [62.418431817761416, 62.41711091978773, 62.37062055496107, 62.394404686119096], [62.44336657455087, 62.44234216098626, 62.39506669463794, 62.41909382628026], [62.468556226139306, 62.46781086490954, 62.4197624630061, 62.44403521127671], [62.4940035225928, 62.49351873309232, 62.44471054186975, 62.46923155673234], [62.519711249720714, 62.51946746106826, 62.46991364751495, 62.49468561337541], [62.545682229738674, 62.54565873769426, 62.49537453134061, 62.520400167685914], [62.546203102409784, 62.57191932194785, 62.52092104035702, 62.546203102409784], [62.31823401035871, 62.280665933858714, 62.294977067848805, 62.275139308008086], [62.34236948411327, 62.30410006741445, 62.29545176259776, 62.298299218290374], [62.36692404929138, 62.33208008889049, 62.319376684814294, 62.32203666541639], [62.391712950776906, 62.36043288170825, 62.3437138713381, 62.34601891231868], [62.41673629445409, 62.389108193942825, 62.36828376055919, 62.37024592962743], [62.44199577964252, 62.418109454922124, 62.39308650703526, 62.394720313294194], [62.467493115341654, 62.44744068590549, 62.41812381546453, 62.419444713438224], [62.493230005334844, 62.47710597066988, 62.44339740054765, 62.44442181411227], [62.519208147291835, 62.50710945167672, 62.468908972508764, 62.46965433373853], [62.54542923196734, 62.537455313725985, 62.49466023611321, 62.49514502561369], [62.57189494249121, 62.568145172988466, 62.52065287224792, 62.52089666090038], [62.57244763786312, 62.59860697194586, 62.54670792628063, 62.546731418325045], [62.303382273133614, 62.25401231451216, 62.28042283432682, 62.29473396831691], [62.327209004979615, 61.691102771494876, 62.27693752440343, 62.31450560090342], [62.35555275941027, 61.71490943065406, 62.300564332341324, 62.338833749040134], [62.38427462045174, 61.7430071207337, 62.32860622666721, 62.3634501870681], [62.41332402734773, 61.77145180153391, 62.357021010392195, 62.38830107946086], [62.44270448445707, 61.80022050090819, 62.385759513504844, 62.41338761401611], [62.47242009516864, 61.82931704493728, 62.414825200326014, 62.43871152504641], [62.50247502705007, 61.85874551784031, 62.44422211844595, 62.46427454788212], [62.5328735079998, 61.88851261438365, 62.47395439572207, 62.49007843038703], [62.563619809405544, 61.919008980069634, 62.50402881304988, 62.516127508665], [62.59471555486124, 62.008406736709105, 62.53484259095465, 62.54281650919601], [62.599294135203685, 62.625754475145044, 62.5693850316182, 62.57313480112094], [61.69013934275032, 62.24956357584421, 62.24956357584421, 62.275974095658874], [61.109762704667034, 61.086623414638964, 61.64604764773285, 61.695417606354304], [61.13383187736982, 61.106464039846664, 61.083324749818594, 61.71943098330332], [61.162263432314624, 61.13455714993986, 61.1071893124167, 61.74783264117293], [61.19104651605528, 61.16302431130867, 61.1353180289339, 61.776585528651935], [61.22015811708492, 61.19181625140645, 61.16379404665984, 61.80566627247366], [61.24960215181662, 61.22093663455185, 61.19259476887338, 61.835078752422255], [61.279385328560764, 61.250389576932584, 61.221724059667814, 61.86482710989918], [61.30989834336578, 61.28018441876445, 61.25118866713626, 61.894918176346025], [61.39931869051198, 61.31110757574272, 61.281393651141386, 61.92575454475754], [62.01729783530264, 61.40452867720915, 61.316317562439885, 61.960928391775795], [62.653214354702286, 62.653214354702286, 62.653214354702286, 62.653214354702286]]}